{"train/train_loss": 0.7061550153044466, "train/train_accuracy": 0.8881, "test/test_loss": 1.3396805970870116, "test/test_accuracy": 0.7932222222222223, "_timestamp": 1648783144, "_runtime": 9097, "_step": 30, "test_accuracy": 0.7932222222222223, "test_loss": 1.3396805970870116, "conf_mat_table": {"_type": "table-file", "path": "media/table/conf_mat_table_30_992076b4c8224b4302d6.table.json", "sha256": "992076b4c8224b4302d603354524863b3cd8ac67af83759ef36b4f705ab04edd", "size": 1899, "artifact_path": "wandb-client-artifact://dxcyp96xajuhaoqzcp79pu8gcbo7wg0esfb4ur7fm5cebt99p2ycfi3pp4ze24ziohb618785c6fb67nqwjm3a9ltgxg9pf438awpp3jipeul1gyw3cgxxxgishcm508:latest/conf_mat_table.table.json", "_latest_artifact_path": "wandb-client-artifact://dxcyp96xajuhaoqzcp79pu8gcbo7wg0esfb4ur7fm5cebt99p2ycfi3pp4ze24ziohb618785c6fb67nqwjm3a9ltgxg9pf438awpp3jipeul1gyw3cgxxxgishcm508:latest/conf_mat_table.table.json", "ncols": 3, "nrows": 49}, "_wandb": {"runtime": 9076}}