{"train/train_loss": 0.17610588174658462, "train/train_accuracy": 0.9722, "test/test_loss": 1.4392624520729724, "test/test_accuracy": 0.7656666666666667, "_timestamp": 1649224273, "_runtime": 1499, "_step": 10}