{"train/train_loss": 0.5740555736084525, "train/train_accuracy": 0.9062, "test/test_loss": 1.26371143999384, "test/test_accuracy": 0.8102222222222222, "_timestamp": 1649226678, "_runtime": 551, "_step": 3}