{"train/train_loss": 0.012424778221752138, "train/train_accuracy": 0.9984, "test/test_loss": 1.664868672332899, "test/test_accuracy": 0.7583333333333333, "_timestamp": 1648827714, "_runtime": 9331, "_step": 60, "test_accuracy": 0.7583333333333333, "epoch": 30, "conf_mat_table": {"_type": "table-file", "path": "media/table/conf_mat_table_60_54e1ba4c1450abba53cc.table.json", "sha256": "54e1ba4c1450abba53cc8188ef5cd6894361d4b6c80f70e4516fee0a909dab35", "size": 1905, "artifact_path": "wandb-client-artifact://8g523d0hn0tmvp91xq6m13m6fhdv1ip6m0cp7mn68e3u8sqfsekzfv5ugn74nowwot19shawby129rfooep1daqoaujk2tob0z3lhqy4d7y3ewzrrn1ie42p02l4u6wf:latest/conf_mat_table.table.json", "_latest_artifact_path": "wandb-client-artifact://8g523d0hn0tmvp91xq6m13m6fhdv1ip6m0cp7mn68e3u8sqfsekzfv5ugn74nowwot19shawby129rfooep1daqoaujk2tob0z3lhqy4d7y3ewzrrn1ie42p02l4u6wf:latest/conf_mat_table.table.json", "ncols": 3, "nrows": 49}, "_wandb": {"runtime": 9331}}