{"train/train_loss": 3.357169240427474, "train/train_accuracy": 0.4026, "test/test_loss": 3.0235218414178133, "test/test_accuracy": 0.478, "_timestamp": 1648791541, "_runtime": 81, "_step": 0}