{"train/train_loss": 0.012362501842347728, "train/train_accuracy": 0.9978, "test/test_loss": 1.5915490695067491, "test/test_accuracy": 0.7721111111111111, "_timestamp": 1648789613, "_runtime": 9862, "_step": 60, "test_accuracy": 0.7721111111111111, "epoch": 30, "conf_mat_table": {"_type": "table-file", "path": "media/table/conf_mat_table_60_5d0279d3ca0a185cad50.table.json", "sha256": "5d0279d3ca0a185cad507f0c569ca4c5421fd1578e6644139d7c9b97ecc91b0e", "size": 1906, "artifact_path": "wandb-client-artifact://182sc50c6yv266b67r7u6d7zpv18eiagfo2hnx8gnltw8d3qbhufqt1oh3xtmxa2k8y7h6m6pekqdscz2by0ehhfutkievq16u65es8oxhj1pcc1ufez154dcejoyq0q:latest/conf_mat_table.table.json", "_latest_artifact_path": "wandb-client-artifact://182sc50c6yv266b67r7u6d7zpv18eiagfo2hnx8gnltw8d3qbhufqt1oh3xtmxa2k8y7h6m6pekqdscz2by0ehhfutkievq16u65es8oxhj1pcc1ufez154dcejoyq0q:latest/conf_mat_table.table.json", "ncols": 3, "nrows": 49}, "_wandb": {"runtime": 9862}}