{"train/train_loss": 0.007674209168036655, "train/train_accuracy": 0.9991, "test/test_loss": 2.829832381379318, "test/test_accuracy": 0.7847777777777778, "_timestamp": 1648799443, "_runtime": 9815, "_step": 60, "test_accuracy": 0.7847777777777778, "epoch": 30, "conf_mat_table": {"_type": "table-file", "path": "media/table/conf_mat_table_60_a3b690ace0c70d76d641.table.json", "sha256": "a3b690ace0c70d76d641efbbfe00b1f6f225736c50445b65401599edc2e05535", "size": 1901, "artifact_path": "wandb-client-artifact://8esuwtf0bjalp4ahhh397zglbhe97djf4vf3twszabr9okvspuocj0x12h5qajm7i4qe7gnrl8als519u3omn3q78qfn47iwj241pzrbercyxpdfnp8hdzwabtd07qqm:latest/conf_mat_table.table.json", "_latest_artifact_path": "wandb-client-artifact://8esuwtf0bjalp4ahhh397zglbhe97djf4vf3twszabr9okvspuocj0x12h5qajm7i4qe7gnrl8als519u3omn3q78qfn47iwj241pzrbercyxpdfnp8hdzwabtd07qqm:latest/conf_mat_table.table.json", "ncols": 3, "nrows": 49}, "_wandb": {"runtime": 9816}}