{"train/train_loss": 0.7716483047690255, "train/train_accuracy": 0.8838, "test/test_loss": 1.531370600295775, "test/test_accuracy": 0.7495555555555555, "_timestamp": 1649222641, "_runtime": 405, "_step": 2}