{"loss": 0.22585849463939667, "loss_test": 0.01595224253833294, "running_accuracy": 1.3640625, "_timestamp": 1648772431, "_runtime": 800, "_step": 13}