{"train/train_loss": 0.08762100323944239, "train/train_accuracy": 0.9901, "test/test_loss": 1.288135788202829, "test/test_accuracy": 0.8131111111111111, "_timestamp": 1648808468, "_runtime": 9005, "_step": 60, "test_accuracy": 0.8131111111111111, "epoch": 30, "conf_mat_table": {"_type": "table-file", "path": "media/table/conf_mat_table_60_9f71ba8cf928bba0a717.table.json", "sha256": "9f71ba8cf928bba0a717f20a84204da38029b5e009f04121af35a7685c8b797e", "size": 1896, "artifact_path": "wandb-client-artifact://15bizuqn5qx5ra390mpte9i9ffjtq4u25d15xgn1yxsmm8z5ae3y77mqisjx8sm4j1r484f88312f6qfx3bf2b2ewqgnpcs0cd6wndrzkpl1rz55laextfbn5bkh7giz:latest/conf_mat_table.table.json", "_latest_artifact_path": "wandb-client-artifact://15bizuqn5qx5ra390mpte9i9ffjtq4u25d15xgn1yxsmm8z5ae3y77mqisjx8sm4j1r484f88312f6qfx3bf2b2ewqgnpcs0cd6wndrzkpl1rz55laextfbn5bkh7giz:latest/conf_mat_table.table.json", "ncols": 3, "nrows": 49}, "_wandb": {"runtime": 9005}}