{"train/train_loss": 2.2575377149703786, "train/train_accuracy": 0.7148, "test/test_loss": 1.7270681102964895, "test/test_accuracy": 0.7322222222222222, "_timestamp": 1649222044, "_runtime": 136, "_step": 0}