{"train/train_loss": 0.6494431138038635, "train/train_accuracy": 0.935, "test/test_loss": 1.2217143510580062, "test/test_accuracy": 0.86875, "_timestamp": 1648837351, "_runtime": 1841, "_step": 30, "test_accuracy": 0.881, "test_loss": 1.166287600070238, "conf_mat_table": {"_type": "table-file", "path": "media/table/conf_mat_table_30_0be136543ae046478a70.table.json", "sha256": "0be136543ae046478a708b01a7da82506d4920cf0b698966c8d833bfa33a109f", "size": 1885, "artifact_path": "wandb-client-artifact://42xw9drn6g560x0z3zneid1hkrvgku5z098q0m69p1r31w016mok03ul3i722q6vtp5n847ojnxe55m1khnjkvoq7amkbv465ypr3o77264f5qki6qx3d540bpuqi3ly:latest/conf_mat_table.table.json", "_latest_artifact_path": "wandb-client-artifact://42xw9drn6g560x0z3zneid1hkrvgku5z098q0m69p1r31w016mok03ul3i722q6vtp5n847ojnxe55m1khnjkvoq7amkbv465ypr3o77264f5qki6qx3d540bpuqi3ly:latest/conf_mat_table.table.json", "ncols": 3, "nrows": 49}, "_wandb": {"runtime": 1840}}