{"train/train_loss": 0.9722247707862823, "train/train_accuracy": 0.8481, "test/test_loss": 1.5947221624565886, "test/test_accuracy": 0.7393333333333333, "_timestamp": 1648791307, "_runtime": 4416, "_step": 20}