{"train/train_loss": 0.5448971305982754, "train/train_accuracy": 0.9105, "test/test_loss": 1.425897102334028, "test/test_accuracy": 0.7795555555555556, "_timestamp": 1648786458, "_runtime": 1208, "_step": 3}