{"train/train_loss": 0.2235041607897312, "train/train_accuracy": 0.9675, "test/test_loss": 1.3988828931981367, "test/test_accuracy": 0.7923333333333333, "_timestamp": 1648829488, "_runtime": 7545, "_step": 100, "test_accuracy": 0.8094444444444444, "test_loss": 1.2481818799365392, "conf_mat_table": {"_type": "table-file", "path": "media/table/conf_mat_table_100_f8e08f0750cbfde3489a.table.json", "sha256": "f8e08f0750cbfde3489af5c927a7c9f3329a01edbdb872aaa660de32e3ea60c2", "size": 1898, "artifact_path": "wandb-client-artifact://1bzd5srw21dkr4haqe1ct29d78x3u2i7g28k483pr1jow9obni893f5t83xs8mgd5m8ik0eavtf37psmson8u00a2hted0ukc8hpr9pfrge6tlhmgwwh5ge0x7g24ht4:latest/conf_mat_table.table.json", "_latest_artifact_path": "wandb-client-artifact://1bzd5srw21dkr4haqe1ct29d78x3u2i7g28k483pr1jow9obni893f5t83xs8mgd5m8ik0eavtf37psmson8u00a2hted0ukc8hpr9pfrge6tlhmgwwh5ge0x7g24ht4:latest/conf_mat_table.table.json", "ncols": 3, "nrows": 49}, "_wandb": {"runtime": 7545}}