{"train/train_loss": 0.3154870260256929, "train/train_accuracy": 0.9441, "test/test_loss": 1.5445583528716857, "test/test_accuracy": 0.7948888888888889, "_timestamp": 1648852928, "_runtime": 7589, "_step": 100, "test_accuracy": 0.7976666666666666, "test_loss": 1.540883111110261, "conf_mat_table": {"_type": "table-file", "path": "media/table/conf_mat_table_100_199ca51c8e9214ece232.table.json", "sha256": "199ca51c8e9214ece2329606b8c8df4c7ebf7a58d56221a19531cc31ccf85062", "size": 1898, "artifact_path": "wandb-client-artifact://pfhrwss0tpt23otgkjlzaljyf2ykckv8a6wzc031zxb36uoa15w1gyswv4zje1k49p7khp2y0bfdqx79twr83hbyexxkxim0ie51t9g10a2lb97z3r2yi7avas0occp5:latest/conf_mat_table.table.json", "_latest_artifact_path": "wandb-client-artifact://pfhrwss0tpt23otgkjlzaljyf2ykckv8a6wzc031zxb36uoa15w1gyswv4zje1k49p7khp2y0bfdqx79twr83hbyexxkxim0ie51t9g10a2lb97z3r2yi7avas0occp5:latest/conf_mat_table.table.json", "ncols": 3, "nrows": 49}, "_wandb": {"runtime": 7589}}