{"train/train_loss": 0.36649254914789725, "train/train_accuracy": 0.9408, "test/test_loss": 1.351402575625701, "test/test_accuracy": 0.8006666666666666, "_timestamp": 1649228832, "_runtime": 923, "_step": 6}