{"train/train_loss": 0.014479571037972865, "train/train_accuracy": 0.9981, "test/test_loss": 1.563856167360321, "test/test_accuracy": 0.7763333333333333, "_timestamp": 1648713660, "_runtime": 8193, "_step": 49, "loss": 1.563856167360321, "epoch": 25, "_wandb": {"runtime": 8192}}