{"train/train_loss": 0.05227534039318561, "train/train_accuracy": 0.999, "test/test_loss": 1.0283607257008553, "test/test_accuracy": 0.84725, "_timestamp": 1648835448, "_runtime": 425, "_step": 6}