{"train/train_loss": 0.3197164927273037, "train/train_accuracy": 0.9489, "test/test_loss": 1.3371409428973042, "test/test_accuracy": 0.7978888888888889, "_timestamp": 1649225773, "_runtime": 1097, "_step": 7}