{"train/train_loss": 0.32148854079814004, "train/train_accuracy": 0.9489, "test/test_loss": 1.349902356829468, "test/test_accuracy": 0.7985555555555556, "_timestamp": 1649225701, "_runtime": 1089, "_step": 7}