{"loss": 0.16317836940288544, "loss_test": 0.9178885221481323, "running_accuracy": 1.4353125, "_timestamp": 1648773534, "_runtime": 796, "_step": 30}