{"train/train_loss": 0.3794873892642058, "train/train_accuracy": 0.9385, "test/test_loss": 1.3822606568099232, "test/test_accuracy": 0.7895555555555556, "_timestamp": 1649228821, "_runtime": 916, "_step": 6}