{"train/train_loss": 0.17222282285136836, "train/train_accuracy": 0.9743, "test/test_loss": 1.602969253560487, "test/test_accuracy": 0.7957777777777778, "_timestamp": 1648779736, "_runtime": 9695, "_step": 60, "test_accuracy": 0.7957777777777778, "epoch": 30, "conf_mat_table": {"_type": "table-file", "path": "media/table/conf_mat_table_60_bc4a9c2d951bd07f75a9.table.json", "sha256": "bc4a9c2d951bd07f75a947c8427bfcde9841682142e4d4fe5631402e4dc30e8a", "size": 1898, "artifact_path": "wandb-client-artifact://3ls11nkvxvufpy2irewutoje0cpuikhintb5f73hpfl1wfulmxfcw4px400z1xlfbshz52f24zf1r7bzhiv6y16bc0ltm9hyebneq3d7khsxopzh8m8hlzwl3w8t14s5:latest/conf_mat_table.table.json", "_latest_artifact_path": "wandb-client-artifact://3ls11nkvxvufpy2irewutoje0cpuikhintb5f73hpfl1wfulmxfcw4px400z1xlfbshz52f24zf1r7bzhiv6y16bc0ltm9hyebneq3d7khsxopzh8m8hlzwl3w8t14s5:latest/conf_mat_table.table.json", "ncols": 3, "nrows": 49}, "_wandb": {"runtime": 9695}}