{"train/train_loss": 0.06990868960656225, "train/train_accuracy": 0.9924, "test/test_loss": 1.9889419343481785, "test/test_accuracy": 0.7783333333333333, "_timestamp": 1648847477, "_runtime": 9726, "_step": 60, "test_accuracy": 0.7783333333333333, "epoch": 30, "conf_mat_table": {"_type": "table-file", "path": "media/table/conf_mat_table_60_17fc968526f57365c416.table.json", "sha256": "17fc968526f57365c416397c24f415c0847fabbff84037fc5cd5a4329726abc7", "size": 1902, "artifact_path": "wandb-client-artifact://e39umwm2zb74w6w7hbh0dmarywe2bwtu843hdr4c6fvt4s67odhzpiaqj26th08fjr0o00n6rezuept54fin2zgnroziuo5uzgsx95avtues02tpiyhrzzkyg310m4ms:latest/conf_mat_table.table.json", "_latest_artifact_path": "wandb-client-artifact://e39umwm2zb74w6w7hbh0dmarywe2bwtu843hdr4c6fvt4s67odhzpiaqj26th08fjr0o00n6rezuept54fin2zgnroziuo5uzgsx95avtues02tpiyhrzzkyg310m4ms:latest/conf_mat_table.table.json", "ncols": 3, "nrows": 49}, "_wandb": {"runtime": 9725}}