{"train/train_loss": 0.36263518804273664, "train/train_accuracy": 0.9411, "test/test_loss": 1.3416695231703897, "test/test_accuracy": 0.798, "_timestamp": 1649227078, "_runtime": 955, "_step": 6, "_wandb": {"runtime": 1036}}