{"train/train_loss": 0.5420254469869997, "train/train_accuracy": 0.9137, "test/test_loss": 1.2194892382843698, "test/test_accuracy": 0.8151111111111111, "_timestamp": 1649226671, "_runtime": 548, "_step": 3}