{"train/train_loss": 2.3399087472464712, "train/train_accuracy": 0.5426, "test/test_loss": 1.621950750846865, "test/test_accuracy": 0.7225555555555555, "_timestamp": 1649227757, "_runtime": 130, "_step": 0}