{"train/train_loss": 2.3643276904718564, "train/train_accuracy": 0.5396, "test/test_loss": 1.5397340659950431, "test/test_accuracy": 0.7398888888888889, "_timestamp": 1649227762, "_runtime": 132, "_step": 0}