{"train/train_loss": 0.008192743165220034, "train/train_accuracy": 0.9989, "test/test_loss": 2.809312283957738, "test/test_accuracy": 0.7826666666666666, "_timestamp": 1648760282, "_runtime": 9448, "_step": 60, "test_accuracy": 0.7826666666666666, "epoch": 30, "conf_mat_table": {"_type": "table-file", "path": "media/table/conf_mat_table_60_0f5618b2f60f9d968809.table.json", "sha256": "0f5618b2f60f9d9688098081598157c8c47bcda4a4dd4f9fb31a79d42d398f22", "size": 1903, "artifact_path": "wandb-client-artifact://wtpljndfc3tapmzbq1anx3s714ia1cu3rjc3phir1ynafy47jh22cdrx9n2qjqyaxitppkasbxw84haqexgppai2jx58aqc9elhbe07kvjstygk9t6mh1dhj72113sh5:latest/conf_mat_table.table.json", "_latest_artifact_path": "wandb-client-artifact://wtpljndfc3tapmzbq1anx3s714ia1cu3rjc3phir1ynafy47jh22cdrx9n2qjqyaxitppkasbxw84haqexgppai2jx58aqc9elhbe07kvjstygk9t6mh1dhj72113sh5:latest/conf_mat_table.table.json", "ncols": 3, "nrows": 49}, "_wandb": {"runtime": 9449}}